{
  "d3_eval0.00": {
    "d": 3,
    "rho_eval": 0.0,
    "rho_train": "mixed",
    "mwpm_pL": 0.003033333333333333,
    "gnn_mixed_pL": 0.0045,
    "mix_ratio": 0.674074074074074,
    "mix_winner": "MWPM",
    "mwpm_err": 91,
    "gnn_err": 135,
    "n_test": 30000,
    "out_of_distribution": false
  },
  "d3_eval0.03": {
    "d": 3,
    "rho_eval": 0.03,
    "rho_train": "mixed",
    "mwpm_pL": 0.0034333333333333334,
    "gnn_mixed_pL": 0.0037,
    "mix_ratio": 0.9279279279279279,
    "mix_winner": "MWPM",
    "mwpm_err": 103,
    "gnn_err": 111,
    "n_test": 30000,
    "out_of_distribution": false
  },
  "d3_eval0.05": {
    "d": 3,
    "rho_eval": 0.05,
    "rho_train": "mixed",
    "mwpm_pL": 0.004233333333333334,
    "gnn_mixed_pL": 0.003966666666666667,
    "mix_ratio": 1.0672268907563025,
    "mix_winner": "MIX",
    "mwpm_err": 127,
    "gnn_err": 119,
    "n_test": 30000,
    "out_of_distribution": false
  },
  "d3_eval0.08": {
    "d": 3,
    "rho_eval": 0.08,
    "rho_train": "mixed",
    "mwpm_pL": 0.0047,
    "gnn_mixed_pL": 0.0033666666666666667,
    "mix_ratio": 1.3960396039603962,
    "mix_winner": "MIX",
    "mwpm_err": 141,
    "gnn_err": 101,
    "n_test": 30000,
    "out_of_distribution": false
  },
  "d3_eval0.10": {
    "d": 3,
    "rho_eval": 0.1,
    "rho_train": "mixed",
    "mwpm_pL": 0.004633333333333333,
    "gnn_mixed_pL": 0.0028666666666666667,
    "mix_ratio": 1.6162790697674418,
    "mix_winner": "MIX",
    "mwpm_err": 139,
    "gnn_err": 86,
    "n_test": 30000,
    "out_of_distribution": false
  },
  "d3_eval0.15": {
    "d": 3,
    "rho_eval": 0.15,
    "rho_train": "mixed",
    "mwpm_pL": 0.008066666666666666,
    "gnn_mixed_pL": 0.0034333333333333334,
    "mix_ratio": 2.349514563106796,
    "mix_winner": "MIX",
    "mwpm_err": 242,
    "gnn_err": 103,
    "n_test": 30000,
    "out_of_distribution": false
  },
  "d3_eval0.20": {
    "d": 3,
    "rho_eval": 0.2,
    "rho_train": "mixed",
    "mwpm_pL": 0.011233333333333333,
    "gnn_mixed_pL": 0.0036333333333333335,
    "mix_ratio": 3.091743119266055,
    "mix_winner": "MIX",
    "mwpm_err": 337,
    "gnn_err": 109,
    "n_test": 30000,
    "out_of_distribution": true
  },
  "d5_eval0.00": {
    "d": 5,
    "rho_eval": 0.0,
    "rho_train": "mixed",
    "mwpm_pL": 0.0002,
    "gnn_mixed_pL": 0.0007666666666666667,
    "mix_ratio": 0.2608695652173913,
    "mix_winner": "MWPM",
    "mwpm_err": 6,
    "gnn_err": 23,
    "n_test": 30000,
    "out_of_distribution": false
  },
  "d5_eval0.03": {
    "d": 5,
    "rho_eval": 0.03,
    "rho_train": "mixed",
    "mwpm_pL": 0.0005,
    "gnn_mixed_pL": 0.0004333333333333333,
    "mix_ratio": 1.153846153846154,
    "mix_winner": "MIX",
    "mwpm_err": 15,
    "gnn_err": 13,
    "n_test": 30000,
    "out_of_distribution": false
  },
  "d5_eval0.05": {
    "d": 5,
    "rho_eval": 0.05,
    "rho_train": "mixed",
    "mwpm_pL": 0.0008666666666666666,
    "gnn_mixed_pL": 0.0005,
    "mix_ratio": 1.7333333333333332,
    "mix_winner": "MIX",
    "mwpm_err": 26,
    "gnn_err": 15,
    "n_test": 30000,
    "out_of_distribution": false
  },
  "d5_eval0.08": {
    "d": 5,
    "rho_eval": 0.08,
    "rho_train": "mixed",
    "mwpm_pL": 0.0011666666666666668,
    "gnn_mixed_pL": 0.0002666666666666667,
    "mix_ratio": 4.375,
    "mix_winner": "MIX",
    "mwpm_err": 35,
    "gnn_err": 8,
    "n_test": 30000,
    "out_of_distribution": false
  },
  "d5_eval0.10": {
    "d": 5,
    "rho_eval": 0.1,
    "rho_train": "mixed",
    "mwpm_pL": 0.0020666666666666667,
    "gnn_mixed_pL": 0.00023333333333333333,
    "mix_ratio": 8.857142857142858,
    "mix_winner": "MIX",
    "mwpm_err": 62,
    "gnn_err": 7,
    "n_test": 30000,
    "out_of_distribution": false
  },
  "d5_eval0.15": {
    "d": 5,
    "rho_eval": 0.15,
    "rho_train": "mixed",
    "mwpm_pL": 0.0053,
    "gnn_mixed_pL": 0.0004333333333333333,
    "mix_ratio": 12.230769230769232,
    "mix_winner": "MIX",
    "mwpm_err": 159,
    "gnn_err": 13,
    "n_test": 30000,
    "out_of_distribution": false
  },
  "d5_eval0.20": {
    "d": 5,
    "rho_eval": 0.2,
    "rho_train": "mixed",
    "mwpm_pL": 0.008266666666666667,
    "gnn_mixed_pL": 0.0008333333333333334,
    "mix_ratio": 9.92,
    "mix_winner": "MIX",
    "mwpm_err": 248,
    "gnn_err": 25,
    "n_test": 30000,
    "out_of_distribution": true
  },
  "d7_eval0.00": {
    "d": 7,
    "rho_eval": 0.0,
    "rho_train": "mixed",
    "mwpm_pL": 0.0002,
    "gnn_mixed_pL": 0.0001,
    "mix_ratio": 2.0,
    "mix_winner": "MIX",
    "mwpm_err": 2,
    "gnn_err": 1,
    "n_test": 10000,
    "out_of_distribution": false
  },
  "d7_eval0.03": {
    "d": 7,
    "rho_eval": 0.03,
    "rho_train": "mixed",
    "mwpm_pL": 0.0,
    "gnn_mixed_pL": 0.0,
    "mix_ratio": Infinity,
    "mix_winner": "tie",
    "mwpm_err": 0,
    "gnn_err": 0,
    "n_test": 10000,
    "out_of_distribution": false
  },
  "d7_eval0.05": {
    "d": 7,
    "rho_eval": 0.05,
    "rho_train": "mixed",
    "mwpm_pL": 0.0005,
    "gnn_mixed_pL": 0.0001,
    "mix_ratio": 5.0,
    "mix_winner": "MIX",
    "mwpm_err": 5,
    "gnn_err": 1,
    "n_test": 10000,
    "out_of_distribution": false
  },
  "d7_eval0.08": {
    "d": 7,
    "rho_eval": 0.08,
    "rho_train": "mixed",
    "mwpm_pL": 0.0009,
    "gnn_mixed_pL": 0.0,
    "mix_ratio": Infinity,
    "mix_winner": "MIX",
    "mwpm_err": 9,
    "gnn_err": 0,
    "n_test": 10000,
    "out_of_distribution": false
  },
  "d7_eval0.10": {
    "d": 7,
    "rho_eval": 0.1,
    "rho_train": "mixed",
    "mwpm_pL": 0.0023,
    "gnn_mixed_pL": 0.0,
    "mix_ratio": Infinity,
    "mix_winner": "MIX",
    "mwpm_err": 23,
    "gnn_err": 0,
    "n_test": 10000,
    "out_of_distribution": false
  },
  "d7_eval0.15": {
    "d": 7,
    "rho_eval": 0.15,
    "rho_train": "mixed",
    "mwpm_pL": 0.0045,
    "gnn_mixed_pL": 0.0001,
    "mix_ratio": 44.99999999999999,
    "mix_winner": "MIX",
    "mwpm_err": 45,
    "gnn_err": 1,
    "n_test": 10000,
    "out_of_distribution": false
  },
  "d7_eval0.20": {
    "d": 7,
    "rho_eval": 0.2,
    "rho_train": "mixed",
    "mwpm_pL": 0.0083,
    "gnn_mixed_pL": 0.0004,
    "mix_ratio": 20.75,
    "mix_winner": "MIX",
    "mwpm_err": 83,
    "gnn_err": 4,
    "n_test": 10000,
    "out_of_distribution": true
  }
}