{
  "d3_rho0.00": {
    "d": 3,
    "rho": 0.0,
    "vanilla_pL": 0.0029,
    "veff_rescaling_pL": 0.0029,
    "improve_factor": 1.0,
    "vanilla_err": 87,
    "veff_err": 87,
    "agree_count": 30000,
    "agree_pct": 100.0,
    "n_test": 30000
  },
  "d3_rho0.03": {
    "d": 3,
    "rho": 0.03,
    "vanilla_pL": 0.003766666666666667,
    "veff_rescaling_pL": 0.003766666666666667,
    "improve_factor": 1.0,
    "vanilla_err": 113,
    "veff_err": 113,
    "agree_count": 30000,
    "agree_pct": 100.0,
    "n_test": 30000
  },
  "d3_rho0.05": {
    "d": 3,
    "rho": 0.05,
    "vanilla_pL": 0.0033666666666666667,
    "veff_rescaling_pL": 0.0033666666666666667,
    "improve_factor": 1.0,
    "vanilla_err": 101,
    "veff_err": 101,
    "agree_count": 30000,
    "agree_pct": 100.0,
    "n_test": 30000
  },
  "d3_rho0.08": {
    "d": 3,
    "rho": 0.08,
    "vanilla_pL": 0.004366666666666666,
    "veff_rescaling_pL": 0.004366666666666666,
    "improve_factor": 1.0,
    "vanilla_err": 131,
    "veff_err": 131,
    "agree_count": 30000,
    "agree_pct": 100.0,
    "n_test": 30000
  },
  "d3_rho0.10": {
    "d": 3,
    "rho": 0.1,
    "vanilla_pL": 0.005266666666666667,
    "veff_rescaling_pL": 0.005266666666666667,
    "improve_factor": 1.0,
    "vanilla_err": 158,
    "veff_err": 158,
    "agree_count": 30000,
    "agree_pct": 100.0,
    "n_test": 30000
  },
  "d3_rho0.15": {
    "d": 3,
    "rho": 0.15,
    "vanilla_pL": 0.007233333333333333,
    "veff_rescaling_pL": 0.007233333333333333,
    "improve_factor": 1.0,
    "vanilla_err": 217,
    "veff_err": 217,
    "agree_count": 30000,
    "agree_pct": 100.0,
    "n_test": 30000
  },
  "d5_rho0.00": {
    "d": 5,
    "rho": 0.0,
    "vanilla_pL": 0.0003,
    "veff_rescaling_pL": 0.0003,
    "improve_factor": 1.0,
    "vanilla_err": 9,
    "veff_err": 9,
    "agree_count": 30000,
    "agree_pct": 100.0,
    "n_test": 30000
  },
  "d5_rho0.03": {
    "d": 5,
    "rho": 0.03,
    "vanilla_pL": 0.0006,
    "veff_rescaling_pL": 0.0006,
    "improve_factor": 1.0,
    "vanilla_err": 18,
    "veff_err": 18,
    "agree_count": 30000,
    "agree_pct": 100.0,
    "n_test": 30000
  },
  "d5_rho0.05": {
    "d": 5,
    "rho": 0.05,
    "vanilla_pL": 0.0006666666666666666,
    "veff_rescaling_pL": 0.0006666666666666666,
    "improve_factor": 1.0,
    "vanilla_err": 20,
    "veff_err": 20,
    "agree_count": 30000,
    "agree_pct": 100.0,
    "n_test": 30000
  },
  "d5_rho0.08": {
    "d": 5,
    "rho": 0.08,
    "vanilla_pL": 0.0012333333333333332,
    "veff_rescaling_pL": 0.0012333333333333332,
    "improve_factor": 1.0,
    "vanilla_err": 37,
    "veff_err": 37,
    "agree_count": 30000,
    "agree_pct": 100.0,
    "n_test": 30000
  },
  "d5_rho0.10": {
    "d": 5,
    "rho": 0.1,
    "vanilla_pL": 0.0024666666666666665,
    "veff_rescaling_pL": 0.0024666666666666665,
    "improve_factor": 1.0,
    "vanilla_err": 74,
    "veff_err": 74,
    "agree_count": 30000,
    "agree_pct": 100.0,
    "n_test": 30000
  },
  "d5_rho0.15": {
    "d": 5,
    "rho": 0.15,
    "vanilla_pL": 0.0054666666666666665,
    "veff_rescaling_pL": 0.0054666666666666665,
    "improve_factor": 1.0,
    "vanilla_err": 164,
    "veff_err": 164,
    "agree_count": 30000,
    "agree_pct": 100.0,
    "n_test": 30000
  },
  "d7_rho0.00": {
    "d": 7,
    "rho": 0.0,
    "vanilla_pL": 0.0,
    "veff_rescaling_pL": 0.0,
    "improve_factor": Infinity,
    "vanilla_err": 0,
    "veff_err": 0,
    "agree_count": 10000,
    "agree_pct": 100.0,
    "n_test": 10000
  },
  "d7_rho0.03": {
    "d": 7,
    "rho": 0.03,
    "vanilla_pL": 0.0,
    "veff_rescaling_pL": 0.0,
    "improve_factor": Infinity,
    "vanilla_err": 0,
    "veff_err": 0,
    "agree_count": 10000,
    "agree_pct": 100.0,
    "n_test": 10000
  },
  "d7_rho0.05": {
    "d": 7,
    "rho": 0.05,
    "vanilla_pL": 0.0001,
    "veff_rescaling_pL": 0.0001,
    "improve_factor": 1.0,
    "vanilla_err": 1,
    "veff_err": 1,
    "agree_count": 10000,
    "agree_pct": 100.0,
    "n_test": 10000
  },
  "d7_rho0.08": {
    "d": 7,
    "rho": 0.08,
    "vanilla_pL": 0.0011,
    "veff_rescaling_pL": 0.0011,
    "improve_factor": 1.0,
    "vanilla_err": 11,
    "veff_err": 11,
    "agree_count": 10000,
    "agree_pct": 100.0,
    "n_test": 10000
  },
  "d7_rho0.10": {
    "d": 7,
    "rho": 0.1,
    "vanilla_pL": 0.0015,
    "veff_rescaling_pL": 0.0015,
    "improve_factor": 1.0,
    "vanilla_err": 15,
    "veff_err": 15,
    "agree_count": 10000,
    "agree_pct": 100.0,
    "n_test": 10000
  },
  "d7_rho0.15": {
    "d": 7,
    "rho": 0.15,
    "vanilla_pL": 0.0049,
    "veff_rescaling_pL": 0.0049,
    "improve_factor": 1.0,
    "vanilla_err": 49,
    "veff_err": 49,
    "agree_count": 10000,
    "agree_pct": 100.0,
    "n_test": 10000
  }
}