{
  "d3_rho0.00": {
    "d": 3,
    "rho": 0.0,
    "ne": 66,
    "n_params": 4033,
    "mwpm_pL": 0.0027,
    "gnn_pL": 0.004533333333333334,
    "ratio": 0.5955882352941176,
    "winner": "MWPM",
    "mwpm_err": 81,
    "gnn_err": 136,
    "n_train": 5000,
    "n_test": 30000,
    "train_time": 217.65042805671692,
    "infer_time": 16.712214946746826
  },
  "d3_rho0.03": {
    "d": 3,
    "rho": 0.03,
    "ne": 66,
    "n_params": 4033,
    "mwpm_pL": 0.0029666666666666665,
    "gnn_pL": 0.004633333333333333,
    "ratio": 0.6402877697841727,
    "winner": "MWPM",
    "mwpm_err": 89,
    "gnn_err": 139,
    "n_train": 5000,
    "n_test": 30000,
    "train_time": 202.30497360229492,
    "infer_time": 14.764822006225586
  },
  "d3_rho0.05": {
    "d": 3,
    "rho": 0.05,
    "ne": 66,
    "n_params": 4033,
    "mwpm_pL": 0.0036666666666666666,
    "gnn_pL": 0.003933333333333333,
    "ratio": 0.9322033898305085,
    "winner": "MWPM",
    "mwpm_err": 110,
    "gnn_err": 118,
    "n_train": 5000,
    "n_test": 30000,
    "train_time": 195.0688440799713,
    "infer_time": 14.729111909866333
  },
  "d3_rho0.08": {
    "d": 3,
    "rho": 0.08,
    "ne": 66,
    "n_params": 4033,
    "mwpm_pL": 0.004266666666666667,
    "gnn_pL": 0.0038,
    "ratio": 1.1228070175438598,
    "winner": "GNN",
    "mwpm_err": 128,
    "gnn_err": 114,
    "n_train": 5000,
    "n_test": 30000,
    "train_time": 195.690269947052,
    "infer_time": 14.696760892868042
  },
  "d3_rho0.10": {
    "d": 3,
    "rho": 0.1,
    "ne": 66,
    "n_params": 4033,
    "mwpm_pL": 0.0045,
    "gnn_pL": 0.0020666666666666667,
    "ratio": 2.1774193548387095,
    "winner": "GNN",
    "mwpm_err": 135,
    "gnn_err": 62,
    "n_train": 5000,
    "n_test": 30000,
    "train_time": 196.02017784118652,
    "infer_time": 14.65854287147522
  },
  "d3_rho0.15": {
    "d": 3,
    "rho": 0.15,
    "ne": 66,
    "n_params": 4033,
    "mwpm_pL": 0.007466666666666667,
    "gnn_pL": 0.0016666666666666668,
    "ratio": 4.4799999999999995,
    "winner": "GNN",
    "mwpm_err": 224,
    "gnn_err": 50,
    "n_train": 5000,
    "n_test": 30000,
    "train_time": 194.77700996398926,
    "infer_time": 16.04845094680786
  },
  "d5_rho0.00": {
    "d": 5,
    "rho": 0.0,
    "ne": 334,
    "n_params": 4033,
    "mwpm_pL": 0.0003,
    "gnn_pL": 0.0004,
    "ratio": 0.7499999999999999,
    "winner": "MWPM",
    "mwpm_err": 9,
    "gnn_err": 12,
    "n_train": 5000,
    "n_test": 30000,
    "train_time": 1534.7624912261963,
    "infer_time": 159.05518126487732
  },
  "d5_rho0.03": {
    "d": 5,
    "rho": 0.03,
    "ne": 334,
    "n_params": 4033,
    "mwpm_pL": 0.0007333333333333333,
    "gnn_pL": 0.0005,
    "ratio": 1.4666666666666666,
    "winner": "GNN",
    "mwpm_err": 22,
    "gnn_err": 15,
    "n_train": 5000,
    "n_test": 30000,
    "train_time": 1544.0778481960297,
    "infer_time": 157.38144493103027
  },
  "d5_rho0.05": {
    "d": 5,
    "rho": 0.05,
    "ne": 334,
    "n_params": 4033,
    "mwpm_pL": 0.0008,
    "gnn_pL": 0.0004,
    "ratio": 2.0,
    "winner": "GNN",
    "mwpm_err": 24,
    "gnn_err": 12,
    "n_train": 5000,
    "n_test": 30000,
    "train_time": 1542.0852479934692,
    "infer_time": 156.76129794120789
  },
  "d5_rho0.08": {
    "d": 5,
    "rho": 0.08,
    "ne": 334,
    "n_params": 4033,
    "mwpm_pL": 0.0012,
    "gnn_pL": 0.0003333333333333333,
    "ratio": 3.5999999999999996,
    "winner": "GNN",
    "mwpm_err": 36,
    "gnn_err": 10,
    "n_train": 5000,
    "n_test": 30000,
    "train_time": 1548.1010930538177,
    "infer_time": 156.77491092681885
  },
  "d5_rho0.10": {
    "d": 5,
    "rho": 0.1,
    "ne": 334,
    "n_params": 4033,
    "mwpm_pL": 0.0021333333333333334,
    "gnn_pL": 0.00013333333333333334,
    "ratio": 16.0,
    "winner": "GNN",
    "mwpm_err": 64,
    "gnn_err": 4,
    "n_train": 5000,
    "n_test": 30000,
    "train_time": 1539.5270051956177,
    "infer_time": 157.13447093963623
  },
  "d5_rho0.15": {
    "d": 5,
    "rho": 0.15,
    "ne": 334,
    "n_params": 4033,
    "mwpm_pL": 0.005566666666666667,
    "gnn_pL": 0.00016666666666666666,
    "ratio": 33.4,
    "winner": "GNN",
    "mwpm_err": 167,
    "gnn_err": 5,
    "n_train": 5000,
    "n_test": 30000,
    "train_time": 1762.431636095047,
    "infer_time": 168.07695317268372
  },
  "d7_rho0.00": {
    "d": 7,
    "rho": 0.0,
    "ne": 954,
    "n_params": 4033,
    "mwpm_pL": 0.0,
    "gnn_pL": 0.0,
    "ratio": Infinity,
    "winner": "tie",
    "mwpm_err": 0,
    "gnn_err": 0,
    "n_train": 3000,
    "n_test": 10000,
    "train_time": 4742.260481595993,
    "infer_time": 221.39848375320435
  },
  "d7_rho0.03": {
    "d": 7,
    "rho": 0.03,
    "ne": 954,
    "n_params": 4033,
    "mwpm_pL": 0.0001,
    "gnn_pL": 0.0,
    "ratio": Infinity,
    "winner": "GNN",
    "mwpm_err": 1,
    "gnn_err": 0,
    "n_train": 3000,
    "n_test": 10000,
    "train_time": 4723.50924706459,
    "infer_time": 217.87951493263245
  },
  "d7_rho0.05": {
    "d": 7,
    "rho": 0.05,
    "ne": 954,
    "n_params": 4033,
    "mwpm_pL": 0.0001,
    "gnn_pL": 0.0,
    "ratio": Infinity,
    "winner": "GNN",
    "mwpm_err": 1,
    "gnn_err": 0,
    "n_train": 3000,
    "n_test": 10000,
    "train_time": 4719.670564889908,
    "infer_time": 214.91298699378967
  },
  "d7_rho0.08": {
    "d": 7,
    "rho": 0.08,
    "ne": 954,
    "n_params": 4033,
    "mwpm_pL": 0.0009,
    "gnn_pL": 0.0,
    "ratio": Infinity,
    "winner": "GNN",
    "mwpm_err": 9,
    "gnn_err": 0,
    "n_train": 3000,
    "n_test": 10000,
    "train_time": 4714.761718034744,
    "infer_time": 216.84573221206665
  },
  "d7_rho0.10": {
    "d": 7,
    "rho": 0.1,
    "ne": 954,
    "n_params": 4033,
    "mwpm_pL": 0.0019,
    "gnn_pL": 0.0001,
    "ratio": 19.0,
    "winner": "GNN",
    "mwpm_err": 19,
    "gnn_err": 1,
    "n_train": 3000,
    "n_test": 10000,
    "train_time": 4802.035997867584,
    "infer_time": 239.76950693130493
  },
  "d7_rho0.15": {
    "d": 7,
    "rho": 0.15,
    "ne": 954,
    "n_params": 4033,
    "mwpm_pL": 0.0038,
    "gnn_pL": 0.0,
    "ratio": Infinity,
    "winner": "GNN",
    "mwpm_err": 38,
    "gnn_err": 0,
    "n_train": 3000,
    "n_test": 10000,
    "train_time": 5255.60985326767,
    "infer_time": 303.6337139606476
  }
}