{
  "d3_rho0.20_ood": {
    "d": 3,
    "rho": 0.2,
    "n_test": 30000,
    "vanilla_err": 310,
    "resid_sub_err": 38,
    "vanilla_pL": 0.010333333333333333,
    "resid_sub_pL": 0.0012666666666666666,
    "improvement": 8.157894736842104
  },
  "d5_rho0.20_ood": {
    "d": 5,
    "rho": 0.2,
    "n_test": 30000,
    "vanilla_err": 276,
    "resid_sub_err": 12,
    "vanilla_pL": 0.0092,
    "resid_sub_pL": 0.0004,
    "improvement": 23.0
  },
  "d7_rho0.20_ood": {
    "d": 7,
    "rho": 0.2,
    "n_test": 10000,
    "vanilla_err": 99,
    "resid_sub_err": 4,
    "vanilla_pL": 0.0099,
    "resid_sub_pL": 0.0004,
    "improvement": 24.75
  }
}