{
  "exp_a2": {
    "Phase 1 (L=0.39dB)": {
      "params": {
        "sigma_gen": 13.0,
        "L_dB": 0.39,
        "V_nl": 0.01,
        "V_eff": 0.14170094720120316,
        "sigma_eff_dB": 8.486272466976285,
        "p_phys": 0.009279251855783483
      },
      "distances": [
        {
          "soft": {
            "d": 3,
            "V_eff": 0.14170094720120316,
            "sigma_eff_dB": 8.486272466976285,
            "p_phys": 0.009279251855783483,
            "n_shots": 100000,
            "n_errors": 56,
            "p_L": 0.00056,
            "soft_info": true
          },
          "hard": {
            "d": 3,
            "V_eff": 0.14170094720120316,
            "sigma_eff_dB": 8.486272466976285,
            "p_phys": 0.009279251855783483,
            "n_shots": 50000,
            "n_errors": 139,
            "p_L": 0.00278,
            "soft_info": false
          }
        },
        {
          "soft": {
            "d": 5,
            "V_eff": 0.14170094720120316,
            "sigma_eff_dB": 8.486272466976285,
            "p_phys": 0.009279251855783483,
            "n_shots": 100000,
            "n_errors": 5,
            "p_L": 5e-05,
            "soft_info": true
          },
          "hard": null
        },
        {
          "soft": {
            "d": 7,
            "V_eff": 0.14170094720120316,
            "sigma_eff_dB": 8.486272466976285,
            "p_phys": 0.009279251855783483,
            "n_shots": 100000,
            "n_errors": 0,
            "p_L": 0.0,
            "soft_info": true
          },
          "hard": null
        },
        {
          "soft": {
            "d": 9,
            "V_eff": 0.14170094720120316,
            "sigma_eff_dB": 8.486272466976285,
            "p_phys": 0.009279251855783483,
            "n_shots": 50000,
            "n_errors": 0,
            "p_L": 0.0,
            "soft_info": true
          },
          "hard": null
        }
      ]
    },
    "Phase 2+ Real (L=0.27dB)": {
      "params": {
        "sigma_gen": 13.0,
        "L_dB": 0.27,
        "V_nl": 0.01,
        "V_eff": 0.11737442207505741,
        "sigma_eff_dB": 9.304265330877618,
        "p_phys": 0.004843978987534239
      },
      "distances": [
        {
          "soft": {
            "d": 3,
            "V_eff": 0.11737442207505741,
            "sigma_eff_dB": 9.304265330877618,
            "p_phys": 0.004843978987534239,
            "n_shots": 100000,
            "n_errors": 12,
            "p_L": 0.00012,
            "soft_info": true
          },
          "hard": {
            "d": 3,
            "V_eff": 0.11737442207505741,
            "sigma_eff_dB": 9.304265330877618,
            "p_phys": 0.004843978987534239,
            "n_shots": 50000,
            "n_errors": 54,
            "p_L": 0.00108,
            "soft_info": false
          }
        },
        {
          "soft": {
            "d": 5,
            "V_eff": 0.11737442207505741,
            "sigma_eff_dB": 9.304265330877618,
            "p_phys": 0.004843978987534239,
            "n_shots": 200000,
            "n_errors": 0,
            "p_L": 0.0,
            "soft_info": true
          },
          "hard": null
        },
        {
          "soft": {
            "d": 7,
            "V_eff": 0.11737442207505741,
            "sigma_eff_dB": 9.304265330877618,
            "p_phys": 0.004843978987534239,
            "n_shots": 200000,
            "n_errors": 0,
            "p_L": 0.0,
            "soft_info": true
          },
          "hard": null
        },
        {
          "soft": {
            "d": 9,
            "V_eff": 0.11737442207505741,
            "sigma_eff_dB": 9.304265330877618,
            "p_phys": 0.004843978987534239,
            "n_shots": 100000,
            "n_errors": 0,
            "p_L": 0.0,
            "soft_info": true
          },
          "hard": null
        }
      ]
    },
    "Phase 2+ Limit (L=0.15dB)": {
      "params": {
        "sigma_gen": 13.0,
        "L_dB": 0.15,
        "V_nl": 0.0,
        "V_eff": 0.08236635776859658,
        "sigma_eff_dB": 10.842501380465858,
        "p_phys": 0.0010077179131207279
      },
      "distances": [
        {
          "soft": {
            "d": 3,
            "V_eff": 0.08236635776859658,
            "sigma_eff_dB": 10.842501380465858,
            "p_phys": 0.0010077179131207279,
            "n_shots": 200000,
            "n_errors": 0,
            "p_L": 0.0,
            "soft_info": true
          },
          "hard": {
            "d": 3,
            "V_eff": 0.08236635776859658,
            "sigma_eff_dB": 10.842501380465858,
            "p_phys": 0.0010077179131207279,
            "n_shots": 50000,
            "n_errors": 1,
            "p_L": 2e-05,
            "soft_info": false
          }
        },
        {
          "soft": {
            "d": 5,
            "V_eff": 0.08236635776859658,
            "sigma_eff_dB": 10.842501380465858,
            "p_phys": 0.0010077179131207279,
            "n_shots": 500000,
            "n_errors": 0,
            "p_L": 0.0,
            "soft_info": true
          },
          "hard": null
        },
        {
          "soft": {
            "d": 7,
            "V_eff": 0.08236635776859658,
            "sigma_eff_dB": 10.842501380465858,
            "p_phys": 0.0010077179131207279,
            "n_shots": 500000,
            "n_errors": 0,
            "p_L": 0.0,
            "soft_info": true
          },
          "hard": null
        },
        {
          "soft": {
            "d": 9,
            "V_eff": 0.08236635776859658,
            "sigma_eff_dB": 10.842501380465858,
            "p_phys": 0.0010077179131207279,
            "n_shots": 200000,
            "n_errors": 0,
            "p_L": 0.0,
            "soft_info": true
          },
          "hard": null
        }
      ]
    }
  },
  "threshold": [
    {
      "d": 3,
      "V_eff": 0.08174066098103393,
      "sigma_eff_dB": 10.875618547666441,
      "p_phys": 0.0009684389166777667,
      "n_shots": 100000,
      "n_errors": 0,
      "p_L": 0.0,
      "soft_info": true,
      "L_dB": 0.1
    },
    {
      "d": 5,
      "V_eff": 0.08174066098103393,
      "sigma_eff_dB": 10.875618547666441,
      "p_phys": 0.0009684389166777667,
      "n_shots": 100000,
      "n_errors": 0,
      "p_L": 0.0,
      "soft_info": true,
      "L_dB": 0.1
    },
    {
      "d": 7,
      "V_eff": 0.08174066098103393,
      "sigma_eff_dB": 10.875618547666441,
      "p_phys": 0.0009684389166777667,
      "n_shots": 100000,
      "n_errors": 0,
      "p_L": 0.0,
      "soft_info": true,
      "L_dB": 0.1
    },
    {
      "d": 3,
      "V_eff": 0.09236635776859657,
      "sigma_eff_dB": 10.344861813331539,
      "p_phys": 0.0017727329826930178,
      "n_shots": 100000,
      "n_errors": 2,
      "p_L": 2e-05,
      "soft_info": true,
      "L_dB": 0.15
    },
    {
      "d": 5,
      "V_eff": 0.09236635776859657,
      "sigma_eff_dB": 10.344861813331539,
      "p_phys": 0.0017727329826930178,
      "n_shots": 100000,
      "n_errors": 0,
      "p_L": 0.0,
      "soft_info": true,
      "L_dB": 0.15
    },
    {
      "d": 7,
      "V_eff": 0.09236635776859657,
      "sigma_eff_dB": 10.344861813331539,
      "p_phys": 0.0017727329826930178,
      "n_shots": 100000,
      "n_errors": 0,
      "p_L": 0.0,
      "soft_info": true,
      "L_dB": 0.15
    },
    {
      "d": 3,
      "V_eff": 0.10287042321082783,
      "sigma_eff_dB": 9.877094734661698,
      "p_phys": 0.002862589529118182,
      "n_shots": 100000,
      "n_errors": 2,
      "p_L": 2e-05,
      "soft_info": true,
      "L_dB": 0.2
    },
    {
      "d": 5,
      "V_eff": 0.10287042321082783,
      "sigma_eff_dB": 9.877094734661698,
      "p_phys": 0.002862589529118182,
      "n_shots": 100000,
      "n_errors": 0,
      "p_L": 0.0,
      "soft_info": true,
      "L_dB": 0.2
    },
    {
      "d": 7,
      "V_eff": 0.10287042321082783,
      "sigma_eff_dB": 9.877094734661698,
      "p_phys": 0.002862589529118182,