{
  "d5_rho0.08_boost": {
    "d": 5,
    "rho": 0.08,
    "ne": 334,
    "n_params": 4033,
    "mwpm_pL": 0.0014333333333333333,
    "gnn_pL": 0.00046666666666666666,
    "ratio": 3.0714285714285716,
    "winner": "GNN",
    "mwpm_err": 43,
    "gnn_err": 14,
    "n_train": 5000,
    "n_test": 30000,
    "train_time": 1655.4218227863312,
    "infer_time": 153.00322890281677
  },
  "d5_rho0.10_boost": {
    "d": 5,
    "rho": 0.1,
    "ne": 334,
    "n_params": 4033,
    "mwpm_pL": 0.0020666666666666667,
    "gnn_pL": 0.0002666666666666667,
    "ratio": 7.75,
    "winner": "GNN",
    "mwpm_err": 62,
    "gnn_err": 8,
    "n_train": 5000,
    "n_test": 30000,
    "train_time": 1595.2338631153107,
    "infer_time": 148.5652141571045
  },
  "d5_rho0.15_boost": {
    "d": 5,
    "rho": 0.15,
    "ne": 334,
    "n_params": 4033,
    "mwpm_pL": 0.005166666666666667,
    "gnn_pL": 6.666666666666667e-05,
    "ratio": 77.5,
    "winner": "GNN",
    "mwpm_err": 155,
    "gnn_err": 2,
    "n_train": 5000,
    "n_test": 30000,
    "train_time": 1574.1916751861572,
    "infer_time": 151.23595213890076
  },
  "d7_rho0.00": {
    "d": 7,
    "rho": 0.0,
    "ne": 954,
    "n_params": 4033,
    "mwpm_pL": 0.0001,
    "gnn_pL": 0.0001,
    "ratio": 1.0,
    "winner": "MWPM",
    "mwpm_err": 1,
    "gnn_err": 1,
    "n_train": 2000,
    "n_test": 10000,
    "train_time": 2859.8360738754272,
    "infer_time": 219.2269949913025
  },
  "d7_rho0.10": {
    "d": 7,
    "rho": 0.1,
    "ne": 954,
    "n_params": 4033,
    "mwpm_pL": 0.0014,
    "gnn_pL": 0.0001,
    "ratio": 14.0,
    "winner": "GNN",
    "mwpm_err": 14,
    "gnn_err": 1,
    "n_train": 2000,
    "n_test": 10000,
    "train_time": 2841.3679196834564,
    "infer_time": 215.86850214004517
  }
}