{
  "d3_rho0.00": {
    "d": 3,
    "rho": 0.0,
    "ne": 66,
    "n_params": 4033,
    "mwpm_pL": 0.0032,
    "gnn_pL": 0.0046,
    "ratio": 0.6956521739130436,
    "winner": "MWPM",
    "mwpm_err": 32,
    "gnn_err": 46,
    "n_train": 10000,
    "n_test": 10000,
    "train_time": 394.2451319694519,
    "infer_time": 6.084700107574463
  },
  "d3_rho0.03": {
    "d": 3,
    "rho": 0.03,
    "ne": 66,
    "n_params": 4033,
    "mwpm_pL": 0.004,
    "gnn_pL": 0.0042,
    "ratio": 0.9523809523809524,
    "winner": "MWPM",
    "mwpm_err": 40,
    "gnn_err": 42,
    "n_train": 10000,
    "n_test": 10000,
    "train_time": 376.13967204093933,
    "infer_time": 5.9487059116363525
  },
  "d3_rho0.05": {
    "d": 3,
    "rho": 0.05,
    "ne": 66,
    "n_params": 4033,
    "mwpm_pL": 0.0023,
    "gnn_pL": 0.0037,
    "ratio": 0.6216216216216216,
    "winner": "MWPM",
    "mwpm_err": 23,
    "gnn_err": 37,
    "n_train": 10000,
    "n_test": 10000,
    "train_time": 382.4768521785736,
    "infer_time": 5.639741897583008
  },
  "d3_rho0.08": {
    "d": 3,
    "rho": 0.08,
    "ne": 66,
    "n_params": 4033,
    "mwpm_pL": 0.0043,
    "gnn_pL": 0.0034,
    "ratio": 1.2647058823529413,
    "winner": "GNN",
    "mwpm_err": 43,
    "gnn_err": 34,
    "n_train": 10000,
    "n_test": 10000,
    "train_time": 360.8023011684418,
    "infer_time": 5.887768030166626
  },
  "d3_rho0.10": {
    "d": 3,
    "rho": 0.1,
    "ne": 66,
    "n_params": 4033,
    "mwpm_pL": 0.0058,
    "gnn_pL": 0.003,
    "ratio": 1.9333333333333331,
    "winner": "GNN",
    "mwpm_err": 58,
    "gnn_err": 30,
    "n_train": 10000,
    "n_test": 10000,
    "train_time": 402.80728101730347,
    "infer_time": 5.845896005630493
  },
  "d3_rho0.15": {
    "d": 3,
    "rho": 0.15,
    "ne": 66,
    "n_params": 4033,
    "mwpm_pL": 0.0076,
    "gnn_pL": 0.0023,
    "ratio": 3.3043478260869565,
    "winner": "GNN",
    "mwpm_err": 76,
    "gnn_err": 23,
    "n_train": 10000,
    "n_test": 10000,
    "train_time": 370.71813321113586,
    "infer_time": 5.763895750045776
  },
  "d5_rho0.00": {
    "d": 5,
    "rho": 0.0,
    "ne": 334,
    "n_params": 4033,
    "mwpm_pL": 0.0004,
    "gnn_pL": 0.001,
    "ratio": 0.4,
    "winner": "MWPM",
    "mwpm_err": 2,
    "gnn_err": 5,
    "n_train": 3000,
    "n_test": 5000,
    "train_time": 1027.9163269996643,
    "infer_time": 27.012248992919922
  },
  "d5_rho0.03": {
    "d": 5,
    "rho": 0.03,
    "ne": 334,
    "n_params": 4033,
    "mwpm_pL": 0.0004,
    "gnn_pL": 0.0006,
    "ratio": 0.6666666666666667,
    "winner": "MWPM",
    "mwpm_err": 2,
    "gnn_err": 3,
    "n_train": 3000,
    "n_test": 5000,
    "train_time": 1037.6752140522003,
    "infer_time": 26.7052800655365
  }
}