{
  "experiment1": {
    "L_dB": [
      0.1,
      0.125,
      0.15000000000000002,
      0.17500000000000002,
      0.2,
      0.225,
      0.25,
      0.275,
      0.30000000000000004,
      0.325,
      0.35,
      0.375,
      0.4,
      0.42500000000000004,
      0.45000000000000007,
      0.475,
      0.5
    ],
    "policies": {
      "Static": {
        "p_L": [
          5e-05,
          0.00015,
          0.00045,
          0.00075,
          0.0029,
          0.0058,
          0.01085,
          0.0208,
          0.03955,
          0.06235,
          0.10425,
          0.1705,
          0.26145,
          0.3865,
          0.4956,
          0.49955,
          0.50025
        ],
        "throughput": [
          1.0,
          1.0,
          1.0,
          1.0,
          1.0,
          1.0,
          1.0,
          1.0,
          1.0,
          1.0,
          1.0,
          1.0,
          1.0,
          1.0,
          1.0,
          1.0,
          1.0
        ],
        "efficiency": [
          0.010203571428571428,
          0.010202551020408164,
          0.010199489795918368,
          0.010196428571428572,
          0.010174489795918368,
          0.010144897959183673,
          0.010093367346938775,
          0.009991836734693877,
          0.009800510204081634,
          0.009567857142857142,
          0.00914030612244898,
          0.008464285714285714,
          0.0075362244897959185,
          0.006260204081632652,
          0.005146938775510204,
          0.005106632653061225,
          0.005099489795918367
        ]
      },
      "PLOA (full)": {
        "p_L": [
          0.0,
          0.0,
          0.0,
          0.0,
          0.0,
          0.0,
          0.0,
          0.00015,
          0.0003,
          0.00055,
          0.0008,
          0.00125,
          0.002,
          0.00305,
          0.0051,
          0.0064,
          0.00825
        ],
        "throughput": [
          1.0099554081633637,
          1.0115412755102875,
          1.0132454591837403,
          1.0150026020408685,
          1.0167351020408522,
          1.0184749489796212,
          1.020292397959204,
          1.022131734693913,
          1.023932653061256,
          1.0256864285714649,
          1.0273012244898208,
          1.0291045918367616,
          1.0307082142857311,
          1.0323724489796107,
          1.0338211734694012,
          1.0353594387755034,
          1.0369898469387686
        ],
        "efficiency": [
          0.010103497194207327,
          0.010087657201635649,
          0.010070690709902968,
          0.010053256624303905,
          0.010036126039290678,
          0.01001898146132727,
          0.01000113462872343,
          0.00998164001185563,
          0.00996258921684471,
          0.009943067494769453,
          0.00992495494435962,
          0.00990310082323373,
          0.009880268079987044,
          0.009853962292124657,
          0.009819919611684186,
          0.009792517584226581,
          0.009758917109032435
        ]
      }
    }
  },
  "breakdown": {
    "Static": 0.01936,
    "Soft-info only": 0.0007,
    "+ Erasure flagging": 0.00042,
    "PLOA (full)": 0.00014
  },
  "hardware": {
    "sigma_gen_dB": 13.0,
    "V_non_loss": 0.01,
    "f_tdm_Hz": 100000000.0,
    "n_wdm": 7
  }
}